{"accuracy": [0.2646092176437378, 0.6202869415283203, 0.7624759078025818, 0.8219714760780334, 0.8609083294868469, 0.8873929381370544, 0.9073828458786011, 0.9185866713523865, 0.930106520652771, 0.9371384978294373, 0.945071280002594, 0.9503650069236755], "loss": [2.541273832321167, 1.1965234279632568, 0.7318928241729736, 0.5371896624565125, 0.4195985794067383, 0.3378467559814453, 0.28021886944770813, 0.24069006741046906, 0.20774033665657043, 0.18415610492229462, 0.16272562742233276, 0.15031248331069946], "val_accuracy": [0.5244545936584473, 0.7403393983840942, 0.793098509311676, 0.8546984195709229, 0.8471410274505615, 0.8984742760658264, 0.9093112945556641, 0.9364038109779358, 0.9141594171524048, 0.9279908537864685, 0.9478111863136292, 0.9565093517303467], "val_loss": [1.5428749322891235, 0.8061540126800537, 0.6246881484985352, 0.44852811098098755, 0.44404757022857666, 0.3079012930393219, 0.2706089913845062, 0.19139134883880615, 0.2502545118331909, 0.21016085147857666, 0.15229256451129913, 0.12334906309843063]}